division_clean,projects,project_share,revenue,revenue_share
USH,75,0.496688742,546677.38,0.475423969
SEP,38,0.251655629,357274.53,0.310707707
ENR,9,0.059602649,18195.59,0.015823994
IEG,5,0.033112583,27623.27,0.024022879
IHD,24,0.158940397,200102.64,0.174021452
